<?xml version="1.0" encoding="UTF-8"?>
<project-private xmlns="http://www.netbeans.org/ns/project-private/1">
    <editor-bookmarks xmlns="http://www.netbeans.org/ns/editor-bookmarks/2" lastBookmarkId="0"/>
    <open-files xmlns="http://www.netbeans.org/ns/projectui-open-files/2">
        <group>
            <file>file:/C:/GitHub/Roc_Barrou_Othmane/Embedded/Robot_Barrou.X/ADC.h</file>
            <file>file:/C:/GitHub/Roc_Barrou_Othmane/Embedded/Robot_Barrou.X/ChipConfig.h</file>
            <file>file:/C:/GitHub/Roc_Barrou_Othmane/Embedded/Robot_Barrou.X/IO.h</file>
            <file>file:/C:/GitHub/Roc_Barrou_Othmane/Embedded/Robot_Barrou.X/main.h</file>
            <file>file:/C:/GitHub/Roc_Barrou_Othmane/Embedded/Robot_Barrou.X/PWM.h</file>
            <file>file:/C:/GitHub/Roc_Barrou_Othmane/Embedded/Robot_Barrou.X/robot.h</file>
            <file>file:/C:/GitHub/Roc_Barrou_Othmane/Embedded/Robot_Barrou.X/timer.h</file>
            <file>file:/C:/GitHub/Roc_Barrou_Othmane/Embedded/Robot_Barrou.X/ToolBox.h</file>
            <file>file:/C:/GitHub/Roc_Barrou_Othmane/Embedded/Robot_Barrou.X/ADC.c</file>
            <file>file:/C:/GitHub/Roc_Barrou_Othmane/Embedded/Robot_Barrou.X/ChipConfig.c</file>
            <file>file:/C:/GitHub/Roc_Barrou_Othmane/Embedded/Robot_Barrou.X/IO.c</file>
            <file>file:/C:/GitHub/Roc_Barrou_Othmane/Embedded/Robot_Barrou.X/main.c</file>
            <file>file:/C:/GitHub/Roc_Barrou_Othmane/Embedded/Robot_Barrou.X/PWM.c</file>
            <file>file:/C:/GitHub/Roc_Barrou_Othmane/Embedded/Robot_Barrou.X/robot.c</file>
            <file>file:/C:/GitHub/Roc_Barrou_Othmane/Embedded/Robot_Barrou.X/timer.c</file>
            <file>file:/C:/GitHub/Roc_Barrou_Othmane/Embedded/Robot_Barrou.X/ToolBox.c</file>
        </group>
    </open-files>
</project-private>
